post_id_PK,post_thread_id,post_author_id,post_body,post_is_reply,post_last_updated
0,0,0,"Lorem ipsum dolor sit amet, consectetur adipisicing elit, sed do eiusmod tempor incididunt ut labore et dolore magna aliqua. Ut enim ad minim veniam, quis nostrud exercitation ullamco laboris nisi ut aliquip ex ea commodo consequat. Duis aute irure dolor in reprehenderit in voluptate velit esse cillum dolore eu fugiat nulla pariatur. Excepteur sint occaecat cupidatat non proident, sunt in culpa qui officia deserunt mollit anim id est laborum.",false,Sun May 21 2017 3:41:42 GMT-0500 (CDT)
1,0,1,"Facer denique ne quo, in vix decore voluptua, an mei clita inimicus. Eros accumsan omittantur est no, bonorum lucilius mediocritatem qui no. Tation fierent eu qui, veniam perpetua usu et. Mediocrem evertitur te eam. Vis an magna movet, cum clita euismod scriptorem ei, dicam consulatu dissentias id mea. Sit ad etiam nemore vituperata, no adipiscing delicatissimi pro.",true,Sun May 21 2017 4:41:42 GMT-0500 (CDT)
2,1,2,"An per vidisse rationibus. Eum utinam partem delicata ea, harum prompta no vix. Per ea dicta oporteat singulis. Mucius concludaturque cu sea, at pri justo putant argumentum, dicat liber intellegebat has ex. No usu salutatus omittantur, inani postea mea ad. Meis noster efficiantur ad nam, eos putent eirmod disputando in. Ius ut exerci ornatus, ei vim audire epicuri.",true,Sun May 21 2017 7:41:42 GMT-0500 (CDT)
3,1,3,"Nonumy nostrud discere eu mei, quo primis forensibus no. Sed affert blandit ut, ne mea dicat ridens fastidii. Affert accommodare his id, choro legere eam ad. Quem veri at pri. Eu cum atqui malorum convenire.",false,Sun May 21 2017 14:41:42 GMT-0500 (CDT)
4,1,4,"An adhuc postulant quo. Eos utamur assueverit te, oporteat accusamus efficiendi mei ex. Nihil disputationi mei ei, duis meis dolorem pri eu, ad lorem delicatissimi quo. Vocent aliquam percipit ei mel.",true,Sun May 21 2017 20:41:42 GMT-0500 (CDT)
5,2,5,"Probo dictas laboramus qui ea, nam lobortis pertinacia id, sed soleat definiebas ei. Ad prompta salutandi philosophia ius, causae mnesarchum mea ad, vis no quando possit. Pri cu alii reque. Cum iisque referrentur in, postea commune tractatos id mel. No latine intellegebat pro, vel eius graeco malorum at, ne labore pertinacia cum. Augue utinam eligendi per no. Pri pericula consulatu ne, illum essent fuisset no vel.",false,Sun May 21 2017 20:41:42 GMT-0500 (CDT)
6,3,6,"Altera contentiones sed at. Duo in scribentur philosophia, erant iudico officiis eum at. Tota alienum intellegam eam at, cu sit dicat nulla oporteat. Eius soluta equidem eum an, eu vis eruditi feugait, ne option vocibus indoctum pro. Id vim purto dicat intellegam, quot admodum pro eu. Mei dolore melius ex.",false,Sun May 21 2017 20:41:42 GMT-0500 (CDT)
7,4,7,"Aperiam atomorum expetendis ne vel, autem virtute docendi sea te. Et pri case liber labores, qui te error harum nusquam. Natum aperiam explicari no vix. Hinc omnium virtute vix at, vis ut meis quaestio necessitatibus. Has eu modus iudico.",false,Sun May 21 2017 20:41:42 GMT-0500 (CDT)
8,2,8,"His sale dicant salutatus ad, est vidit viderer ea, usu dicat meliore ex. Ex error laudem eos. Omnis audiam ei ius, quo no putent malorum evertitur. Detracto inciderint sea ea, vide viris nostrum nec cu, solet minimum vituperata at eum. Mei ea falli tempor, et dictas labores est.",true,Sun May 21 2017 20:41:42 GMT-0500 (CDT)
9,4,1,"Facer denique ne quo, in vix decore voluptua, an mei clita inimicus. Eros accumsan omittantur est no, bonorum lucilius mediocritatem qui no. Tation fierent eu qui, veniam perpetua usu et. Mediocrem evertitur te eam. Vis an magna movet, cum clita euismod scriptorem ei, dicam consulatu dissentias id mea. Sit ad etiam nemore vituperata, no adipiscing delicatissimi pro.",true,Sun May 21 2017 4:41:42 GMT-0500 (CDT)
10,0,2,"An per vidisse rationibus. Eum utinam partem delicata ea, harum prompta no vix. Per ea dicta oporteat singulis. Mucius concludaturque cu sea, at pri justo putant argumentum, dicat liber intellegebat has ex. No usu salutatus omittantur, inani postea mea ad. Meis noster efficiantur ad nam, eos putent eirmod disputando in. Ius ut exerci ornatus, ei vim audire epicuri.",true,Sun May 21 2017 7:41:42 GMT-0500 (CDT)
